Vehicle,Gender,Direction,Type,Queue,Waiting time [s],Gap,Vehicle type,Accepted
1,m,r,c,0,4.0,0.902003746,Car,False
1,m,r,c,0,4.0,1.403995603,Car,False
1,m,r,c,0,4.0,12.814,Car,True
2,f,r,c,0,3.796,2.203998293,Car,False
2,f,r,c,0,3.796,34.023,Car,True
4,m,r,c,0,0.672,0.0,Artificial,False
4,m,r,c,0,0.672,15.053,Car,True
5,m,r,c,0,6.25,3.773000042,Car,False
5,m,r,c,0,6.25,1.872007549,Car,False
5,m,r,c,0,6.25,8.912,Car,True
6,m,r,c,0,1.187,0.0,Artificial,False
6,m,r,c,0,1.187,42.029,Car,True
7,m,r,c,0,1.781,0.0,Artificial,False
7,m,r,c,0,1.781,4.076,Car,True
8,m,r,c,0,5.25,4.936994936,Car,False
8,m,r,c,0,5.25,24.991,Car,True
9,m,r,c,0,2.719,0.0,Artificial,False
9,m,r,c,0,2.719,12.022,Car,True
11,m,r,c,0,1.953,0.698997404,Car,False
11,m,r,c,0,1.953,6.218,Car,True
12,f,r,c,1,4.797,0.0,Artificial,False
12,f,r,c,1,4.797,46.466,Car,True
13,m,r,c,0,3.094,0.0,Artificial,False
13,m,r,c,0,3.094,42.903,Car,True
15,m,r,c,0,1.407,0.0,Artificial,False
15,m,r,c,0,1.407,25.953,Car,True
16,f,r,c,0,3.125,2.578005518,Car,False
16,f,r,c,0,3.125,8.407,Car,True
17,m,r,c,0,5.578,3.533995102,Car,False
17,m,r,c,0,5.578,11.949,Car,True
18,m,r,c,0,4.016,2.468993838,Car,False
18,m,r,c,0,4.016,11.557,Car,True
19,f,r,c,0,4.157,1.157997127,Car,False
19,f,r,c,0,4.157,2.278000116,Car,False
19,f,r,c,0,4.157,14.068,Car,True
20,m,r,c,0,1.735,0.0,Artificial,False
20,m,r,c,0,1.735,13.553,Car,True
21,m,r,c,1,4.469,1.818001594,Car,False
21,m,r,c,1,4.469,9.096,Car,True
22,m,r,c,0,5.157,0.91200168,Car,False
22,m,r,c,0,5.157,1.857000589,Car,False
22,m,r,c,0,5.157,7.502,Car,True
23,m,r,c,0,2.094,0.0,Artificial,False
23,m,r,c,0,2.094,8.935,Car,True
24,m,r,c,0,1.266,0.0,Artificial,False
24,m,r,c,0,1.266,10.583,Car,True
25,m,r,c,0,2.062,1.078999366,Car,False
25,m,r,c,0,2.062,17.02,Car,True
26,m,r,c,0,3.031,0.0,Artificial,False
26,m,r,c,0,3.031,13.504,Car,True
27,m,r,c,0,14.828,2.878999661,Car,False
27,m,r,c,0,14.828,3.447004035,Car,False
27,m,r,c,0,14.828,2.151999995,Car,False
27,m,r,c,0,14.828,4.634002224,Car,False
27,m,r,c,0,14.828,1.467000693,Car,False
27,m,r,c,0,14.828,19.422,Car,True
29,m,r,c,0,2.485,0.0,Artificial,False
29,m,r,c,0,2.485,18.993,Car,True
31,f,r,c,0,7.672,3.650996089,Car,False
31,f,r,c,0,7.672,0.234002943,Disturbance,False
31,f,r,c,0,7.672,18.474,Car,True
32,m,r,c,0,2.484,0.0,Artificial,False
32,m,r,c,0,2.484,10.771,Car,True
33,f,r,c,0,3.0,0.0,Artificial,False
33,f,r,c,0,3.0,12.983,Car,True
34,m,r,c,0,5.25,0.0,Artificial,False
34,m,r,c,0,5.25,14.223,Car,True
35,m,r,c,0,3.641,1.442002828,MTW,False
35,m,r,c,0,3.641,0.437002257,Car,False
35,m,r,c,0,3.641,12.324,Car,True
36,m,r,c,1,16.266,0.0,Artificial,False
36,m,r,c,1,16.266,3.942,Car,True
37,f,r,c,1,21.046,8.298999444,Car,False
37,f,r,c,1,21.046,2.230997756,Car,False
37,f,r,c,1,21.046,4.119008034,Car,False
37,f,r,c,1,21.046,2.479997601,Car,False
37,f,r,c,1,21.046,18.999,Car,True
38,f,r,c,0,10.453,2.80099767,Car,False
38,f,r,c,0,10.453,15.264,Car,True
39,f,r,c,0,13.75,1.757993872,Car,False
39,f,r,c,0,13.75,5.085991323,Car,False
39,f,r,c,0,13.75,4.244002327,Car,False
39,f,r,c,0,13.75,7.259,Car,True
40,m,r,c,1,4.516,0.546000849,Car,False
40,m,r,c,1,4.516,1.940001547,Car,False
40,m,r,c,1,4.516,11.131,Car,True
41,m,r,c,0,4.453,0.313996474,Car,False
41,m,r,c,0,4.453,9.022,Car,True
42,m,r,c,0,4.625,2.96000205,Car,False
42,m,r,c,0,4.625,0.878004681,Car,False
42,m,r,c,0,4.625,5.343,Car,True
43,m,r,c,0,2.156,0.0,Artificial,False
43,m,r,c,0,2.156,5.624,Car,True
44,m,r,c,0,3.5,2.060999672,Car,False
44,m,r,c,0,3.5,7.561,Car,True
45,m,r,c,0,3.593,2.764003302,Car,False
45,m,r,c,0,3.593,24.891,Car,True
46,m,r,c,0,13.797,1.953003879,Car,False
46,m,r,c,0,13.797,7.066,Car,True
47,m,r,c,0,1.016,0.0,Artificial,False
47,m,r,c,0,1.016,5.129,Car,True
48,m,r,c,0,2.391,1.112996365,Car,False
48,m,r,c,0,2.391,5.302,Car,True
49,m,r,c,0,2.968,0.0,Artificial,False
49,m,r,c,0,2.968,8.852,Car,True
50,m,r,c,1,18.75,4.867995109,Car,False
50,m,r,c,1,18.75,1.520007849,Car,False
50,m,r,c,1,18.75,5.609997734,Car,False
50,m,r,c,1,18.75,25.148,Car,True
51,f,r,c,0,9.547,0.201001714,Car,False
51,f,r,c,0,9.547,4.249997064,Car,False
51,f,r,c,0,9.547,22.554,Car,True
52,f,r,c,0,3.782,0.0,Artificial,False
52,f,r,c,0,3.782,9.836,Car,True
53,m,r,c,0,5.125,4.40099905,Car,False
53,m,r,c,0,5.125,13.196,Car,True
55,m,r,c,0,1.828,0.0,Artificial,False
55,m,r,c,0,1.828,8.284,Car,True
56,m,r,c,0,2.391,0.0,Artificial,False
56,m,r,c,0,2.391,7.505,Car,True
57,f,r,c,0,3.594,1.970998149,Car,False
57,f,r,c,0,3.594,6.767,Car,True
58,m,r,c,0,2.219,0.0,Artificial,False
58,m,r,c,0,2.219,6.314,Car,True
59,m,r,c,0,2.875,0.0,Artificial,False
59,m,r,c,0,2.875,19.777,Car,True
60,m,r,c,1,5.734,2.107991974,MTW,False
60,m,r,c,1,5.734,2.780009061,Car,False
60,m,r,c,1,5.734,8.884,Car,True
61,f,r,c,0,19.968,2.060003902,Car,False
61,f,r,c,0,19.968,2.760003135,Car,False
61,f,r,c,0,19.968,2.140000463,Car,False
61,f,r,c,0,19.968,1.769996434,Car,False
61,f,r,c,0,19.968,9.729991481,Car,False
61,f,r,c,0,19.968,19.342,Car,True
62,m,r,c,0,16.532,0.295006435,Car,False
62,m,r,c,0,16.532,1.779994369,Car,False
62,m,r,c,0,16.532,5.029996857,Car,False
62,m,r,c,0,16.532,3.000003844,Car,False
62,m,r,c,0,16.532,2.020005137,Car,False
62,m,r,c,0,16.532,1.800000295,Car,False
62,m,r,c,0,16.532,10.603,Car,True
63,m,r,c,0,11.328,4.422996516,Car,False
63,m,r,c,0,11.328,1.509999856,Car,False
63,m,r,c,0,11.328,1.809998229,Car,False
63,m,r,c,0,11.328,2.190000191,Car,False
63,m,r,c,0,11.328,7.755,Car,True
64,f,r,c,0,4.797,2.132996868,Car,False
64,f,r,c,0,4.797,11.906,Car,True
65,f,r,c,1,7.875,5.109001647,Car,False
65,f,r,c,1,7.875,11.894,Car,True
66,m,r,c,0,9.453,3.437003072,Car,False
66,m,r,c,0,9.453,8.644,Car,True
67,f,r,c,1,3.188,0.0,Artificial,False
67,f,r,c,1,3.188,6.332,Car,True
68,m,r,c,1,7.344,4.238004561,Car,False
68,m,r,c,1,7.344,2.219993994,Car,False
68,m,r,c,1,7.344,6.065,Car,True
69,f,r,c,1,10.797,0.285994212,Car,False
69,f,r,c,1,10.797,6.951008365,Car,False
69,f,r,c,1,10.797,7.61,Car,True
70,m,r,c,0,9.469,2.518007855,Car,False
70,m,r,c,0,9.469,2.119994536,Car,False
70,m,r,c,0,9.469,4.219,Car,True
71,m,r,c,0,8.157,3.382001154,Car,False
71,m,r,c,0,8.157,21.667,Van,True
73,m,r,c,0,12.672,1.372995973,Car,False
73,m,r,c,0,12.672,6.833008386,Car,False
73,m,r,c,0,12.672,17.717,Car,True
74,m,r,c,0,7.172,3.249000467,Car,False
74,m,r,c,0,7.172,2.090996504,Car,False
74,m,r,c,0,7.172,21.256,Car,True
75,m,r,c,0,3.828,1.997005649,Van,False
75,m,r,c,0,3.828,20.805,Car,True
76,m,r,c,0,4.406,0.0,Artificial,False
76,m,r,c,0,4.406,66.409,Car,True
77,f,r,c,0,7.531,5.637993746,Car,False
77,f,r,c,0,7.531,11.351,Car,True
78,m,r,c,0,2.907,0.0,Artificial,False
78,m,r,c,0,2.907,13.168,Car,True
80,m,r,c,0,5.297,0.0,Artificial,False
80,m,r,c,0,5.297,9.988,Van,True
81,f,r,c,0,8.406,4.340998165,Car,False
81,f,r,c,0,8.406,20.068,Van,True
82,m,r,c,0,6.281,0.0,Artificial,False
82,m,r,c,0,6.281,16.349,Van,True
83,m,r,c,0,7.438,0.0,Artificial,False
83,m,r,c,0,7.438,15.697,Car,True
85,m,r,c,1,29.765,1.967997558,Car,False
85,m,r,c,1,29.765,24.323,Car,True
86,f,r,c,0,6.937,0.0,Artificial,False
86,f,r,c,0,6.937,25.26,Car,True
89,m,r,c,0,6.296,0.0,Artificial,False
89,m,r,c,0,6.296,10.554,Car,True
90,m,r,c,1,16.162,4.399000481,Car,False
90,m,r,c,1,16.162,5.13200069,Car,False
90,m,r,c,1,16.162,6.13,Car,True
91,f,r,c,0,14.04,6.287000701,Car,False
91,f,r,c,0,14.04,0.982003083,Car,False
91,f,r,c,0,14.04,6.473994255,Car,False
91,f,r,c,0,14.04,24.242,Van,True
92,m,r,c,0,0.593,0.0,Artificial,False
92,m,r,c,0,0.593,7.254,Van,True
93,m,r,c,0,32.775,1.451008022,Car,False
93,m,r,c,0,32.775,2.059001103,Car,False
93,m,r,c,0,32.775,2.387001738,Van,False
93,m,r,c,0,32.775,1.481997594,Car,False
93,m,r,c,0,32.775,1.512997225,Car,False
93,m,r,c,0,32.775,3.354,Car,True
94,m,r,c,0,0.951,0.0,Artificial,False
94,m,r,c,0,0.951,39.967,Car,True
96,m,r,c,0,14.945,3.384994715,Car,False
96,m,r,c,0,14.945,3.417000175,Car,False
96,m,r,c,0,14.945,3.586998006,Car,False
96,m,r,c,0,14.945,8.813,Car,True
97,m,r,c,0,8.627,8.049003576,Car,False
97,m,r,c,0,8.627,19.468,Van,True
98,m,r,c,0,4.275,0.0,Artificial,False
98,m,r,c,0,4.275,14.008,Van,True
99,f,r,c,0,5.116,2.573002298,Van,False
99,f,r,c,0,5.116,6.567,Car,True
100,f,r,c,2,18.205,4.975000938,Car,False
100,f,r,c,2,18.205,11.794,Car,True
101,m,r,c,1,18.735,6.130996719,Van,False
101,m,r,c,1,18.735,2.372004837,Car,False
101,m,r,c,1,18.735,2.759995853,Car,False
101,m,r,c,1,18.735,9.049,Car,True
102,m,r,c,0,13.666,5.070001428,Van,False
102,m,r,c,0,13.666,2.511996031,Car,False
102,m,r,c,0,13.666,6.443,Car,True
103,m,r,c,0,11.84,1.680993457,Car,False
103,m,r,c,0,11.84,3.71199958,Car,False
103,m,r,c,0,11.84,9.06,Van,True
104,m,r,c,0,1.841,0.0,Artificial,False
104,m,r,c,0,1.841,17.265,Car,True
105,m,r,c,2,20.888,5.787999183,Car,False
105,m,r,c,2,20.888,2.184005454,Car,False
105,m,r,c,2,20.888,2.136993036,Car,False
105,m,r,c,2,20.888,3.837999701,Car,False
105,m,r,c,2,20.888,33.021,Bus,True
106,m,r,c,0,11.841,0.402002205,Car,False
106,m,r,c,0,11.841,2.199002355,Car,False
106,m,r,c,0,11.841,27.467,Bus,True
107,m,r,c,0,0.952,0.0,Artificial,False
107,m,r,c,0,0.952,11.119,Bus,True
108,m,r,c,1,6.225,3.053999488,Car,False
108,m,r,c,1,6.225,23.989,Car,True
109,f,r,c,0,6.77,0.57299303,Car,False
109,f,r,c,0,6.77,20.963,Car,True
110,m,r,c,1,9.048,1.634001155,Car,False
110,m,r,c,1,9.048,14.769,Bus,True
111,m,r,c,0,12.355,0.823001732,Car,False
111,m,r,c,0,12.355,2.214995027,Car,False
111,m,r,c,0,12.355,1.155002788,Car,False
111,m,r,c,0,12.355,10.651,Bus,True
112,f,r,c,0,15.631,6.87500069,Bus,False
112,f,r,c,0,15.631,5.163993314,Car,False
112,f,r,c,0,15.631,1.903007179,Car,False
112,f,r,c,0,15.631,13.786,Car,True
113,f,r,c,0,1.903,0.0,Artificial,False
113,f,r,c,0,1.903,23.614,Car,True
114,f,r,c,0,11.716,0.905004144,Car,False
114,f,r,c,0,11.716,1.399995183,Disturbance,False
114,f,r,c,0,11.716,12.382,Car,True
115,m,r,c,0,2.777,0.0,Artificial,False
115,m,r,c,0,2.777,10.635,Car,True
116,m,r,c,1,7.441,0.854001363,Car,False
116,m,r,c,1,7.441,27.718,Car,True
117,m,r,c,0,3.151,0.790996273,Car,False
117,m,r,c,0,3.151,25.471,Car,True
118,m,r,c,0,1.685,0.0,Artificial,False
118,m,r,c,0,1.685,22.741,Car,True
119,m,r,c,0,2.87,0.0,Artificial,False
119,m,r,c,0,2.87,18.373,Car,True
120,m,r,c,0,2.558,2.039993723,Car,False
120,m,r,c,0,2.558,11.681,Van,True
121,m,r,c,0,9.392,0.0,Artificial,False
121,m,r,c,0,9.392,4.972,Car,True
122,m,r,c,0,2.808,0.0,Artificial,False
122,m,r,c,0,2.808,29.827,Car,True
123,m,r,c,0,1.217,0.0,Artificial,False
123,m,r,c,0,1.217,19.749,Car,True
125,f,r,c,0,2.761,1.965994929,Car,False
125,f,r,c,0,2.761,9.391,Car,True
126,f,r,c,0,1.544,0.0,Artificial,False
126,f,r,c,0,1.544,11.902,Car,True
127,m,r,c,1,5.476,2.371001785,Car,False
127,m,r,c,1,5.476,1.014005765,Car,False
127,m,r,c,1,5.476,1.82499513,Car,False
127,m,r,c,1,5.476,13.181,Car,True
128,m,r,c,0,3.214,1.263001357,Car,False
128,m,r,c,0,3.214,11.496,Car,True
129,m,r,c,0,2.714,0.0,Artificial,False
129,m,r,c,0,2.714,34.101,Van,True
130,f,r,c,0,23.697,2.121000364,Car,False
130,f,r,c,0,23.697,1.139000058,Car,False
130,f,r,c,0,23.697,2.075003833,Car,False
130,f,r,c,0,23.697,4.289998859,Car,False
130,f,r,c,0,23.697,2.106003463,Car,False
130,f,r,c,0,23.697,3.212998062,Car,False
130,f,r,c,0,23.697,1.466990635,Van,False
130,f,r,c,0,23.697,1.653008536,Van,False
130,f,r,c,0,23.697,1.559992303,Van,False
130,f,r,c,0,23.697,13.025,Car,True
131,m,r,c,0,0.842,0.122995471,Car,False
131,m,r,c,0,0.842,10.841,Car,True
132,m,r,c,0,2.605,0.186000561,Car,False
132,m,r,c,0,2.605,7.986,Car,True
133,f,r,c,0,3.292,0.733000209,Car,False
133,f,r,c,0,3.292,7.222,Car,True
134,f,r,c,1,13.088,3.041997179,HGV,False
134,f,r,c,1,13.088,1.38699988,MTW,False
134,f,r,c,1,13.088,14.414,Car,True
135,m,r,c,0,11.575,1.824002137,HGV,False
135,m,r,c,0,11.575,3.08899954,Car,False
135,m,r,c,0,11.575,3.635003418,Car,False
135,m,r,c,0,11.575,13.322,Car,True
136,m,r,c,0,5.32,1.871004497,Car,False
136,m,r,c,0,5.32,2.137003094,Car,False
136,m,r,c,0,5.32,11.964,Car,True
137,m,r,c,0,1.731,0.0,Artificial,False
137,m,r,c,0,1.731,14.756,Car,True
138,m,r,c,0,1.076,0.0,Artificial,False
138,m,r,c,0,1.076,13.384,Car,True
139,f,r,c,1,12.792,1.435005292,Car,False
139,f,r,c,1,12.792,11.605,Car,True
140,f,r,c,0,14.18,7.877999917,Car,False
140,f,r,c,0,14.18,8.751,Car,True
142,m,r,c,0,5.725,5.724001099,Car,False
142,m,r,c,0,5.725,7.752,Car,True
143,m,r,c,0,7.207,4.273003136,Car,False
143,m,r,c,0,7.207,12.401,Van,True
144,f,r,c,0,19.282,1.93500258,Car,False
144,f,r,c,0,19.282,3.867993504,Car,False
144,f,r,c,0,19.282,1.607001945,Van,False
144,f,r,c,0,19.282,2.307993919,Van,False
144,f,r,c,0,19.282,1.217002049,HGV,False
144,f,r,c,0,19.282,1.871997491,Car,False
144,f,r,c,0,19.282,5.787006189,Car,False
144,f,r,c,0,19.282,12.51,Car,True
145,m,r,c,0,1.326,0.996999984,Car,False
145,m,r,c,0,1.326,4.835,Van,True
146,f,r,c,0,3.432,0.0,Artificial,False
146,f,r,c,0,3.432,18.376,Car,True
147,m,r,c,0,2.355,0.763004069,Car,False
147,m,r,c,0,2.355,7.69,Car,True
148,m,r,c,0,2.106,0.0,Artificial,False
148,m,r,c,0,2.106,9.219,Van,True
150,f,r,c,0,1.95,1.807999407,Van,False
150,f,r,c,0,1.95,17.72,Van,True
151,m,r,c,0,2.839,0.0,Artificial,False
151,m,r,c,0,2.839,17.408,Van,True
152,m,r,c,0,8.923,7.657997851,Van,False
152,m,r,c,0,8.923,19.608,Bus,True
153,f,r,c,0,3.074,1.964996383,Car,False
153,f,r,c,0,3.074,0.84200183,Car,False
153,f,r,c,0,3.074,6.27,Car,True
154,f,r,c,1,10.967,1.99599879,Car,False
154,f,r,c,1,10.967,22.791,Car,True
155,m,r,c,0,13.806,1.886997168,Car,False
155,m,r,c,0,13.806,0.889001414,Car,False
155,m,r,c,0,13.806,1.590999216,Car,False
155,m,r,c,0,13.806,17.815,Car,True
156,m,r,c,1,23.54,0.108008628,Car,False
156,m,r,c,1,23.54,2.292997018,Van,False
156,m,r,c,1,23.54,7.052003592,Car,False
156,m,r,c,1,23.54,9.141,Car,True
157,m,r,c,0,17.331,0.280005281,Car,False
157,m,r,c,0,17.331,1.794005558,Van,False
157,m,r,c,0,17.331,1.108000427,Van,False
157,m,r,c,0,17.331,1.762000099,Car,False
157,m,r,c,0,17.331,2.542995661,Car,False
157,m,r,c,0,17.331,2.558998391,Car,False
157,m,r,c,0,17.331,4.195994139,Car,False
157,m,r,c,0,17.331,6.177,Car,True
159,m,r,c,0,1.825,0.514001195,Car,False
159,m,r,c,0,1.825,7.799,Car,True
160,m,r,c,0,1.809,0.0,Artificial,False
160,m,r,c,0,1.809,16.987,Car,True
162,m,r,c,0,16.068,1.964999159,Car,False
162,m,r,c,0,16.068,2.168002725,Car,False
162,m,r,c,0,16.068,1.169999689,Car,False
162,m,r,c,0,16.068,5.56900017,Car,False
162,m,r,c,0,16.068,2.963995188,Car,False
162,m,r,c,0,16.068,2.028001472,Van,False
162,m,r,c,0,16.068,5.615,Car,True
163,f,r,c,0,2.402,2.183002402,Car,False
163,f,r,c,0,2.402,5.475,Car,True
164,f,r,c,0,10.265,4.414000158,Car,False
164,f,r,c,0,10.265,1.621998847,Car,False
164,f,r,c,0,10.265,2.49600336,Car,False
164,f,r,c,0,10.265,1.684993878,Car,False
164,f,r,c,0,10.265,37.111,Car,True
165,m,r,c,0,3.619,0.0,Artificial,False
165,m,r,c,0,3.619,34.927,Car,True
166,m,r,c,0,2.589,0.0,Artificial,False
166,m,r,c,0,2.589,26.082,Car,True
167,m,r,c,0,5.99,0.0,Artificial,False
167,m,r,c,0,5.99,18.61,Car,True
169,m,r,c,0,2.902,1.511994173,Car,False
169,m,r,c,0,2.902,14.085,Car,True
170,m,r,c,2,17.316,0.949997624,Car,False
170,m,r,c,2,17.316,10.373,Car,True
171,m,r,c,1,20.639,0.0,Artificial,False
171,m,r,c,1,20.639,5.974,Car,True
172,m,r,c,1,25.864,12.26199344,Car,False
172,m,r,c,1,25.864,1.731996238,Car,False
172,m,r,c,1,25.864,9.343001788,Car,False
172,m,r,c,1,25.864,14.788,Car,True
174,m,r,c,0,6.958,0.887998362,Car,False
174,m,r,c,0,6.958,0.873994455,Car,False
174,m,r,c,0,6.958,15.443,Car,True
175,m,r,c,0,11.419,6.411002,Car,False
175,m,r,c,0,11.419,12.763,Car,True
176,f,r,c,1,13.463,3.634007648,Car,False
176,f,r,c,1,13.463,7.801992242,Car,False
176,f,r,c,1,13.463,16.21,Car,True
178,f,r,c,1,10.031,7.521004026,Car,False
178,f,r,c,1,10.031,15.461,HGV,True
179,f,r,c,0,12.589,6.147997995,Car,False
179,f,r,c,0,12.589,11.53,HGV,True
180,m,r,c,0,6.49,0.982996076,Car,False
180,m,r,c,0,6.49,0.936003774,MTW,False
180,m,r,c,0,6.49,4.276000504,Car,False
180,m,r,c,0,6.49,12.902,Van,True
181,m,r,c,0,16.942,1.528999954,Car,False
181,m,r,c,0,16.942,1.418992504,Car,False
181,m,r,c,0,16.942,2.933005616,Car,False
181,m,r,c,0,16.942,1.622994617,Car,False
181,m,r,c,0,16.942,3.931008652,Car,False
181,m,r,c,0,16.942,4.869006743,Car,False
181,m,r,c,0,16.942,20.703,Car,True
182,m,r,c,0,1.513,0.0,Artificial,False
182,m,r,c,0,1.513,10.438,Bus,True
184,f,r,c,0,13.837,6.163004954,Car,False
184,f,r,c,0,13.837,2.746002004,Car,False
184,f,r,c,0,13.837,1.638001576,Car,False
184,f,r,c,0,13.837,2.121996135,Car,False
184,f,r,c,0,13.837,13.043,Car,True
186,m,r,c,0,9.797,3.886000608,Car,False
186,m,r,c,0,9.797,0.998003036,Car,False
186,m,r,c,0,9.797,18.144,Disturbance,True
187,f,r,c,0,1.436,0.0,Artificial,False
187,f,r,c,0,1.436,6.179,Disturbance,True
188,m,r,c,0,1.06,0.125004351,Disturbance,False
188,m,r,c,0,1.06,39.797,Car,True
189,m,r,c,0,0.952,0.0,Artificial,False
189,m,r,c,0,0.952,19.69,Car,True
190,f,r,c,0,1.466,0.0,Artificial,False
190,f,r,c,0,1.466,10.595,Car,True
191,m,r,c,0,2.917,0.0,Artificial,False
191,m,r,c,0,2.917,20.017,Car,True
192,m,r,c,0,1.232,0.0,Artificial,False
192,m,r,c,0,1.232,12.888,Car,True
193,m,r,c,0,7.301,2.031001617,Car,False
193,m,r,c,0,7.301,13.138,Car,True
194,f,r,c,0,3.884,2.341993694,Car,False
194,f,r,c,0,3.884,6.898,Van,True
195,m,r,c,0,2.761,0.0,Artificial,False
195,m,r,c,0,2.761,9.939,Car,True
196,m,r,c,0,3.026,1.717997884,Car,False
196,m,r,c,0,3.026,7.226,Van,True
197,m,r,c,0,1.701,0.0,Artificial,False
197,m,r,c,0,1.701,18.957,Car,True
198,f,r,c,0,12.246,0.0,Artificial,False
198,f,r,c,0,12.246,7.022,Car,True
201,m,r,c,0,4.181,0.31499805,Car,False
201,m,r,c,0,4.181,1.263008639,Car,False
201,m,r,c,0,4.181,0.920996815,MTW,False
201,m,r,c,0,4.181,7.99,Car,True
202,m,r,c,0,6.771,0.0,Artificial,False
202,m,r,c,0,6.771,35.134,Car,True
203,f,r,c,1,5.679,5.650002306,Car,False
203,f,r,c,1,5.679,11.609,Car,True
204,m,r,c,0,7.207,2.326996793,Car,False
204,m,r,c,0,7.207,6.758,Car,True
205,m,r,c,0,5.803,0.0,Artificial,False
205,m,r,c,0,5.803,6.086,Car,True
206,m,r,c,2,10.359,2.43399404,Car,False
206,m,r,c,2,10.359,1.234999095,Car,False
206,m,r,c,2,10.359,5.992,Car,True
207,m,r,c,1,7.987,2.248994802,Car,False
207,m,r,c,1,7.987,0.967003405,MTW,False
207,m,r,c,1,7.987,5.072,Car,True
208,m,r,c,1,19.298,5.148000643,Car,False
208,m,r,c,1,19.298,9.843006358,Car,False
208,m,r,c,1,19.298,1.388998702,Car,False
208,m,r,c,1,19.298,14.853,Car,True
209,m,r,c,0,6.146,1.266008784,Car,False
209,m,r,c,0,6.146,1.653994247,Car,False
209,m,r,c,0,6.146,11.874,Car,True
210,f,r,c,1,8.159,0.0,Artificial,False
210,f,r,c,1,8.159,8.801,Car,True
212,m,r,c,0,0.31201,0.0,Artificial,False
212,m,r,c,0,0.31201,21.483,Car,True
213,m,r,c,0,15.803,5.774000828,Car,False
213,m,r,c,0,15.803,5.662994832,Disturbance,False
213,m,r,c,0,15.803,3.010997549,Car,False
213,m,r,c,0,15.803,6.882,Car,True
214,m,r,c,0,6.786,0.205000659,Car,False
214,m,r,c,0,6.786,4.526,Car,True
218,m,r,c,0,3.373,0.0,Artificial,False
218,m,r,c,0,3.373,3.543,Car,True
219,m,r,c,2,10.655,2.566997503,Car,False
219,m,r,c,2,10.655,26.232,Car,True
220,m,r,c,1,12.371,0.163993036,Car,False
220,m,r,c,1,12.371,5.179000273,Car,False
220,m,r,c,1,12.371,22.113,Car,True
221,f,r,c,0,11.996,2.30099613,Car,False
221,f,r,c,0,11.996,19.446,Car,True
222,m,r,c,0,1.435,0.0,Artificial,False
222,m,r,c,0,1.435,14.22,Car,True
223,m,r,c,0,1.794,0.0,Artificial,False
223,m,r,c,0,1.794,11.724,Car,True
224,m,r,c,0,2.528,1.272003521,Car,False
224,m,r,c,0,2.528,25.233,Car,True
225,m,r,c,0,1.809,0.0,Artificial,False
225,m,r,c,0,1.809,22.347,Car,True
226,f,r,c,0,2.558,0.0,Artificial,False
226,f,r,c,0,2.558,8.51,Car,True
227,m,r,c,0,10.436,2.191994508,Car,False
227,m,r,c,0,10.436,1.404005662,Car,False
227,m,r,c,0,10.436,19.196,Car,True
228,m,r,c,0,2.761,1.060998067,Van,False
228,m,r,c,0,2.761,1.615001057,Car,False
228,m,r,c,0,2.761,9.4,Car,True
229,m,r,c,0,12.278,2.628996764,Car,False
229,m,r,c,0,12.278,7.964,Car,True
230,f,r,c,0,3.276,0.0,Artificial,False
230,f,r,c,0,3.276,18.65,Car,True
231,f,r,c,0,11.513,0.0,Artificial,False
231,f,r,c,0,11.513,6.201,Van,True
232,m,r,c,3,34.788,3.798000683,Van,False
232,m,r,c,3,34.788,13.97,Car,True
233,f,r,c,2,38.782,2.418001369,Car,False
233,f,r,c,2,38.782,1.747998968,Car,False
233,f,r,c,2,38.782,1.894993504,Van,False
233,f,r,c,2,38.782,3.321999684,Car,False
233,f,r,c,2,38.782,8.073,Car,True
234,f,r,c,1,39.951,2.003995125,Car,False
234,f,r,c,1,39.951,1.436001062,Car,False
234,f,r,c,1,39.951,6.006002426,Car,False
234,f,r,c,1,39.951,2.588992193,Car,False
234,f,r,c,1,39.951,3.261006251,Car,False
234,f,r,c,1,39.951,12.161,Car,True
235,f,r,c,0,28.626,3.065999021,Car,False
235,f,r,c,0,28.626,3.992997855,Car,False
235,f,r,c,0,28.626,9.228,Car,True
238,m,r,c,0,1.934,0.209003856,Car,False
238,m,r,c,0,1.934,5.716,Van,True
239,m,r,c,0,10.687,1.565997099,Car,False
239,m,r,c,0,10.687,6.713,Car,True
241,f,r,c,1,34.774,1.144001802,Car,False
241,f,r,c,1,34.774,4.434,Car,True
242,m,r,c,0,10.062,5.850008503,Car,False
242,m,r,c,0,10.062,1.547992771,Car,False
242,m,r,c,0,10.062,6.072,Car,True
243,m,r,c,1,15.21,3.276003152,Van,False
243,m,r,c,1,15.21,0.561000779,Car,False
243,m,r,c,1,15.21,1.154992729,MTW,False
243,m,r,c,1,15.21,4.153,Car,True
244,f,r,c,0,3.432,2.716996689,Car,False
244,f,r,c,0,3.432,12.249,Car,True
245,m,r,c,0,7.113,0.0,Artificial,False
245,m,r,c,0,7.113,19.674,Car,True
246,m,r,c,0,3.135,0.718999078,Car,False
246,m,r,c,0,3.135,8.395,Car,True
248,f,r,c,0,4.399,1.233004779,Car,False
248,f,r,c,0,4.399,1.917994022,Car,False
248,f,r,c,0,4.399,8.348,Car,True
249,m,r,c,0,4.493,1.999006217,Car,False
249,m,r,c,0,4.493,20.235,Car,True
250,m,r,c,0,2.013,0.0,Artificial,False
250,m,r,c,0,2.013,21.858,Car,True
252,m,r,c,0,6.318,2.685001289,Car,False
252,m,r,c,0,6.318,7.24,Car,True
253,f,r,c,0,4.041,0.0,Artificial,False
253,f,r,c,0,4.041,4.23,Car,True
254,m,r,c,0,1.482,0.0,Artificial,False
254,m,r,c,0,1.482,9.425,Car,True
255,m,r,c,0,7.66,1.828005334,Car,False
255,m,r,c,0,7.66,27.271,Car,True
256,m,r,c,0,0.92,0.0,Artificial,False
256,m,r,c,0,0.92,11.624,Car,True
257,m,r,c,0,1.778,0.0,Artificial,False
257,m,r,c,0,1.778,7.927,Car,True
258,m,r,c,2,22.464,0.721000676,Car,False
258,m,r,c,2,22.464,1.763005927,Car,False
258,m,r,c,2,22.464,4.59,Car,True
259,m,r,c,1,32.401,2.323996648,Van,False
259,m,r,c,1,32.401,1.90400295,MTW,False
259,m,r,c,1,32.401,1.419002563,Car,False
259,m,r,c,1,32.401,1.263994351,Car,False
259,m,r,c,1,32.401,13.56,Car,True
260,f,r,c,0,32.245,6.708000228,Car,False
260,f,r,c,0,32.245,1.044995338,Car,False
260,f,r,c,0,32.245,5.366999656,Car,False
260,f,r,c,0,32.245,1.484997739,Van,False
260,f,r,c,0,32.245,1.856004819,Car,False
260,f,r,c,0,32.245,2.761994675,Car,False
260,f,r,c,0,32.245,1.357003301,Car,False
260,f,r,c,0,32.245,1.434995234,Car,False
260,f,r,c,0,32.245,1.669001207,Car,False
260,f,r,c,0,32.245,8.287,Car,True
261,m,r,c,0,17.035,3.543998842,Car,False
261,m,r,c,0,17.035,5.538000539,Car,False
261,m,r,c,0,17.035,7.581994683,Car,False
261,m,r,c,0,17.035,16.102,Car,True
262,m,r,c,0,1.17,0.0,Artificial,False
262,m,r,c,0,1.17,15.151,Car,True
263,m,r,c,0,2.527,0.0,Artificial,False
263,m,r,c,0,2.527,9.971,Car,True
264,m,r,c,0,1.716,0.0,Artificial,False
264,m,r,c,0,1.716,11.282,Car,True
265,m,r,c,0,1.389,0.0,Artificial,False
265,m,r,c,0,1.389,6.821,Car,True
266,m,r,c,0,3.292,0.0,Artificial,False
266,m,r,c,0,3.292,21.141,Car,True
267,m,r,c,0,5.257,0.0,Artificial,False
267,m,r,c,0,5.257,16.414,Car,True
268,f,r,c,0,13.9,1.31100677,Car,False
268,f,r,c,0,13.9,2.401998639,Car,False
268,f,r,c,0,13.9,1.325993612,Car,False
268,f,r,c,0,13.9,5.603,Car,True
